sourceRow,website,translationStatus,compileStatus,exactSpace,entropyBits,reachableStates,countPayloadBytes,peakRssBytes,compileMicros
9,walmart.com,translated,SUCCESS,546108599233508259390625,78.85353405662467,13,2155,110592,1387.603
10,ebay.com,translated,SUCCESS,3792333218144715689214286733276153973356796205513695361373369020859784852595066624036316469616424830959697422432772648884390625,420.486025689834,65,1310852,6930432,86740.44499999999
14,netflix.com,translated,SUCCESS,46559903231494119157640432265266889890124185118452993594258718344515893556311773225022109647610743698525301953578650625,394.20660325651016,61,1023479,6524928,72358.04299999999
16,bestbuy.com,translated,SUCCESS,63338888410137831749584786497612425473931455286829288838964626341018402601578520474543032090984867937500000,354.7874696065245,55,672858,6443008,53657.69
17,quora.com,translated,SUCCESS,227060998360399857546231733396219046505259077831146960372169472330689693591152534474849740383708178771842637531310204314862896856713168164434700000,486.18458177314346,75,2305192,11091968,131546.87300000002
23,usatoday.com,translated,SUCCESS,216922155048713498504350916418738969077524590365430059700000,197.11093500658174,31,72568,110592,8247.707
24,vimeo.com,translated,SUCCESS,264832772544569013029574845774858196827828054038369395389613030856614309480860223910015734519560494266619201086234383221884119313255600000000,466.4750149481506,72,1955652,11141120,115924.227
25,apple.com,translated,SUCCESS,1901870957984869150459942501569779432166776028829488714075794720,210.20888934051086,23227,58449134,400158720,7272524.8100000005
28,webmd.com,translated,SUCCESS,209200553077795564392598035510286167558439957221015746093750,197.05864426409573,61,134924,110592,18313.278
31,usps.com,translated,SUCCESS,770579244003304887192131015463405816039837265337781224290602564101393272998193360235628582497923440,328.4948966256587,49401,460740141,2164862976,38453401.627
32,zillow.com,translated,SUCCESS,14230394612325434394416764217602394628383543532569431812001860381714981771638646225029443899372092605674931368558835483233666247392273772669077062863244328856968006536400961880818520645292571196573883809995720648962899108290270055221405345214250011611040,840.9567836752084,512,77370004,203587584,2707094.558
33,lowes.com,translated,SUCCESS,402130713187009132990560,78.41201071021744,7867,827330,32006144,354904.528
37,buzzfeed.com,translated,SUCCESS,216922155048713498504350916418738969077524590365422321890625,197.11093500658174,31,71872,110592,10609.465
39,wordpress.com,translated,SUCCESS,598351357374183426465820918966277833792831151602221831961903311927039329512387758629575019633200474225590371059986240972155566335759382453956543412850668250328099108658454710205254006258977009390625,657.000827589748,101,7461396,26112000,322879.672
47,legacy.com,translated,SUCCESS,3622996024341650240846169344914509390625,131.41237892327226,21,15505,110592,2863.207
49,ranker.com,translated,SUCCESS,777635388434868753304038937670673803594895131704996601793597364550835584153940138268343937946890625,328.5080471732007,51,505290,110592,45500.505
52,cnbc.com,translated,SUCCESS,36967246124613593730165567647200,104.86601851545416,64,20664,110592,6705.529
54,giphy.com,translated,SUCCESS,14230403961260236220506443581651184908680564041500367167417706820898712988823451461562368878931231194600886509223121419278253305282049735850746952255698801345684544325410185351468196806123506094389266334625827336505452737613188432117161202303898884390625,840.9567846230146,129,19662457,58220544,683661.96
58,fedex.com,translated,SUCCESS,1644194860060635440259129733258210695906314086869028898586813602514000,229.9304198358972,276,931238,8982528,102556.658
61,goodreads.com,translated,SUCCESS,14230403961260236220506443581651184908680564041500367167417706820898712988823451461562368878931231194600886509223121419278253305282049735850746952255698801345684544325410185351468196806123506094389266334625827336505452737613188432117161202303898884390625,840.9567846230146,129,19662457,58269696,693627.599
63,ikea.com,translated,SUCCESS,3622996024341650240846169344179417500000,131.41237892327226,21,14952,110592,2796.924
65,priceline.com,translated,SUCCESS,777635388434868753304038937670673803594895131704996601793597364550835584153940138268273369125390625,328.5080471732007,51,501626,110592,40857.319
69,spotify.com,translated,SUCCESS,598351357374183426465820918966277833792831151602221831961903311927039329512387758629575019633200474225590371059986240972155566335759382453956543412850668250328099108658454710205254006258984828650625,657.000827589748,101,7465575,25120768,318805.613
71,creditkarma.com,translated,SUCCESS,598351357374183426465820918966277833792831151602221831961903311927039329512387758629575019633200474225590371059986240972155566335759382453956543412850668250328099108658454710205254006188408187890625,657.000827589748,101,7453682,26005504,321382.173
74,gamespot.com,translated,SUCCESS,3789257459332188704226350957816873339467927512148352739029463429559146795357196870462319655099456905247253436618988016116817200,420.4848551222267,508,9993777,42647552,629561.5020000001
75,gfycat.com,translated,SUCCESS,3792333218144715689214286733276153973356796205513695361373369020859784852595066624036316469616424830959697422432772656703650625,420.486025689834,65,1313483,7241728,83356.352
81,avast.com,translated,SUCCESS,598351357374183426465820918966277833792831151602221831961903311927039329512387758629575019633200474225590371059986240972155566335759382453956543412850668250328099108658454710205254006188408187890625,657.000827589748,101,7453682,25964544,321315.56799999997
82,kbb.com,translated,SUCCESS,1957722449314639324001767020679119195924659428048007023884390625,210.25064622324365,33,91809,110592,11235.144
83,imore.com,translated,SUCCESS,598351357374183426465820918966277833792831151602221831961903311927039329512387758629575019633200474225590371059986240972155566335759382453956543412850668250328099108658454710205254006258977009390625,657.000827589748,101,7461396,26079232,313255.579
85,expedia.com,translated,SUCCESS,216922155048713498504350916418738969077524590365422321890625,197.11093500658174,31,71872,110592,11760.448999999999
86,wattpad.com,translated,SUCCESS,3622996024341650240846169344914509390625,131.41237892327226,21,15505,110592,3427.1079999999997
87,polygon.com,translated,SUCCESS,12835912137827693040284421885441412013483600128215973021213600326939456010846320,262.79250531558046,160,816800,6000640,84271.03199999999
89,spanishdict.com,translated,SUCCESS,3622996024341650240846169344179417500000,131.41237892327226,21,14952,110592,2755.4010000000003
90,sbnation.com,translated,SUCCESS,12835912137827693040284421885441412013483600128215973021213600326939456010846320,262.79250531558046,160,816800,6348800,82727.937
91,express.co.uk,translated,SUCCESS,598351357374183426465820918966277833792831151602221831961903311927039329512387758629575019633200474225590371059986240972155566335759382453956543412850668250328099108658454710205254006258977009390625,657.000827589748,101,7461396,25513984,311037.958
92,sfgate.com,translated,SUCCESS,3792333218144715689214286733276153973356796205513695361373369020859784852595066624036316469616424830959697422432702080062890625,420.486025689834,65,1306054,6979584,84140.631
93,thechive.com,translated,SUCCESS,3622996024341650240846169344914509390625,131.41237892327226,21,15505,110592,2855.0009999999997
94,walgreens.com,translated,SUCCESS,209200553067465165229115354217012372839883214189190209984800,197.05864426402448,120,262171,110592,36987.804
98,discordapp.com,translated,SUCCESS,14230403961260236220506443581651184908680564041500367167417706820898712988823451461562368878931231194600886509223121419278253305282049735850746952255698801345684544325410185351468196806123506094389266334625827336505452737613188432117161202303898884390625,840.9567846230146,129,19662457,58290176,688589.83
99,androidcentral.com,translated,SUCCESS,598351357374183426465820918966277833792831151602221831961903311927039329512387758629575019633200474225590371059986240972155566335759382453956543412850668250328099108658454710205254006258977009390625,657.000827589748,101,7461396,26157056,317343.783
102,yellowpages.com,translated,SUCCESS,598351357374183426465820918966277833792831151602221831961903311927039329512387758629575019633200474225590371059986240972155566335759382453956543412850668250328099108658454710205254006258977009390625,657.000827589748,101,7461396,26120192,317760.116
105,eventbrite.com,translated,SUCCESS,3792333218144715689214286733276153973356796205513695361373369020859784852595066624036316469616424830959697422432702080062890625,420.486025689834,65,1306054,6852608,87438.30399999999
109,epicurious.com,translated,SUCCESS,777635388434868753304038937670673803594895131704996601793597364550835584153940138268343937946890625,328.5080471732007,51,505290,110592,41935.194
110,trulia.com,translated,SUCCESS,3789257469188005312355258456553709710328495201499491780909425995131916649156568730087926262356079925250354569521025841293964960,420.48485512597915,256,5061775,23052288,318168.271
111,twitch.tv,translated,SUCCESS,25159113391734056237809610348611528698643665133645092562013237931378359400681721271451494779358246955328824103192266406078991341393486312890625,473.04487055648156,73,2065119,11378688,117387.969
112,pornhub.com,translated,SUCCESS,12933918587197586810390973765123418786880625111169664167779621176404036249372900,262.8034789305566,7506,38102764,211488768,3711294.49
113,livejasmin.com,translated,SUCCESS,14230403961260236220506443581651184908680564041500367167417706820898712988823451461562368878931231194600886509223121419278253305282049735850746952255698801345684544325410185351468196806123506094389266334625827336505452737613188432117161202303898884390625,840.9567846230146,129,19662457,58314752,683017.9130000001
116,intuit.com,translated,SUCCESS,777635388434868753304038937670673803594895131704996601793597364550835584153940138268273369125390625,328.5080471732007,51,501626,110592,42726.348
120,wikidot.com,translated,SUCCESS,3792333218144715689214286733276153973356796205513695361373369020859784852595066624036316469616424830959697422432772648884390625,420.486025689834,65,1310852,6873088,81088.36
122,nexusmods.com,translated,SUCCESS,1957722449314639324001767020679119195924659428047936455062890625,210.25064622324365,33,89603,110592,11024.182999999999
124,seagate.com,translated,SUCCESS,3792333218144715689214286733276153973356796205513695361373369020859784852595066624036316469616424830959697421795818466025390625,420.486025689834,65,1298442,7290880,83182.219
126,dwnews.com,translated,SUCCESS,44480886725444405624211384390625,105.13295648994847,17,6633,110592,1515.7949999999998
129,independent.co.uk,translated,SUCCESS,3792333218144715689214286733276153973356796205513695361373369020859784852595066624036316469616424830959697422432772648884390625,420.486025689834,65,1310852,7024640,85165.504
130,sugardaddyforme.com,translated,SUCCESS,468219860267835848675909309375,98.56310088161753,16,5481,110592,1327.158
135,sohu.com,translated,SUCCESS,36967246124613593730165567647200,104.86601851545416,64,20664,110592,6268.033
136,jd.com,translated,SUCCESS,3622996024341650240846169344914509390625,131.41237892327226,21,15505,110592,3448.189
139,bilibili.com,translated,SUCCESS,44480886725444405624211384390625,105.13295648994847,17,6633,110592,1757.006
140,babytree.com,translated,SUCCESS,295095290555142625648321021999764315617634390625,157.69180135659605,25,30892,110592,5844.72
143,cnblogs.com,translated,SUCCESS,209199955233042401278880606516418111471250411958352067679520,197.05864014121516,206,443735,6115328,57622.903000000006
144,panda.tv,translated,SUCCESS,44480886725444405624211384390625,105.13295648994847,17,6633,110592,1663.6509999999998
145,zhanqi.tv,translated,SUCCESS,3230786007847978725323620233044714393920,131.2470808970041,80,56556,110592,13762.137
147,1688.com,translated,SUCCESS,3230786007847978725323620233044714393920,131.2470808970041,80,56556,4067328,150539.421
148,douyu.com,translated,SUCCESS,26293797964159047976352732177092727522315330673200,164.16919919418734,100,133513,110592,18891.546
151,ci123.com,translated,SUCCESS,3622996024341650240846169344914509390625,131.41237892327226,21,15505,110592,3094.9089999999997
152,ifeng.com,translated,SUCCESS,3622996024341650240846169274345687890625,131.41237892327226,21,14271,110592,3024.929
153,veblr.com,translated,SUCCESS,28034052602738549436590497089977609984418096809375,164.261656964927,26,36612,110592,5536.188
154,metacafe.com,translated,SUCCESS,3792333218144715689214286733276153973356796205513695361373369020859784852595066624036316469616424830959697422432772656622200000,420.486025689834,65,1312432,7692288,80212.48300000001
155,porn555.com,translated,SUCCESS,44480886725444405624211384390625,105.13295648994847,17,6633,110592,1502.291
157,irctc.co.in,translated,SUCCESS,372807945224800631065027716000,98.23434735854511,116,29410,114688,9135.908
159,rediff.com,translated,SUCCESS,546108599233508259390625,78.85353405662467,13,2155,110592,697.302
161,naukri.com,translated,SUCCESS,12987930716685978204438138512147879490757688938557941795845684456698430134390625,262.80949108989125,41,214756,110592,22196.159
163,amag.ru,translated,SUCCESS,3792333218144715689214286733276153973356796205513695361373369020859784852595066624036316469616424830959697422432772648884390625,420.486025689834,65,1310852,6897664,84885.542
165,knowyourmeme.com,translated,SUCCESS,12987930716685978204438138512147879490757688938557941795845684456698437953650625,262.80949108989125,41,216355,110592,22474.615999999998
166,motorsport.com,translated,SUCCESS,216922155048713498504350916418738969077524590365430059700000,197.11093500658174,31,72568,110592,9928.817
167,planetminecraft.com,translated,SUCCESS,216922155048713498504350916418738969077524590365422321890625,197.11093500658174,31,71872,110592,9334.749
168,socialblade.com,translated,SUCCESS,777635388434868753304038937670673803594895131704996601793597364550835584153940138268343937946890625,328.5080471732007,51,505290,110592,40433.323
169,gta5-mods.com,translated,SUCCESS,14230403961260236220506443581651184908680564041500367167417706820898712988823451461562368878931231194600886509223121419278253305282049735850746952255698801345684544325410185351468196806123506094389266334625827336505452737613188432117161202233330062890625,840.9567846230146,129,19652475,58212352,679090.187
173,mail.ru,translated,SUCCESS,12987930716685978204438138512147879490757688938557941795845684456698430134390625,262.80949108989125,41,214756,110592,23332.478
176,rambler.ru,translated,SUCCESS,1901793390868775616473017978775254981057412308440661152696154080,210.20883049951783,252,654400,6344704,79752.453
179,fb.ru,translated,SUCCESS,1957722449314639324001767020679119195924659428048007023884390625,210.25064622324365,33,91809,110592,11364.647
181,znanija.com,translated,SUCCESS,3792333218144715689214286733276153973356796205513695361373369020859784852595066624036316469616424830959697422432772648884390625,420.486025689834,65,1310852,6754304,89155.515
182,wildberries.ru,translated,SUCCESS,774642531718728338652028455938445488438117455593107420467238377849581988923168358872370928988412400,328.5024840136187,200,1927820,12472320,148187.816
184,ozon.ru,translated,SUCCESS,1678502284981138890416014999354759820605904877122660028807652546500000,229.96021304823648,36,129067,110592,15489.681999999999
188,xvideos.com,translated,SUCCESS,14230403961260236220506443581651184908680564041500367167417706820898712988823451461562368878931231194600886509223121419278253305282049735850746952255698801345684544325410185351468196806123506094389266334625827336505452737613188432117161202233330062890625,840.9567846230146,129,19652475,58253312,715572.631
189,yaplakal.com,translated,SUCCESS,1957722449314639324001767020679119195924659428047936455062890625,210.25064622324365,33,89603,110592,11150.088000000002
191,wg-gesucht.de,translated,SUCCESS,3792333218144715689214286733276153973356796205513695361373369020859784852595066624036316469616424830959697422432702080062890625,420.486025689834,65,1306054,7311360,82770.74299999999
192,fanfiktion.de,translated,SUCCESS,3792333218144715689214286733276153973356796205513695361373369020859784852595066624036316469616424830959697422432772648884390625,420.486025689834,65,1310852,7217152,85922.19099999999
193,thesun.co.uk,translated,SUCCESS,3230786007847978725323620195144981300880,131.2470808970041,80,52307,110592,9323.506000000001
194,liveleak.com,translated,SUCCESS,216922155048713498504350916418738969077524590365430141150625,197.11093500658174,31,73041,110592,8359.610999999999
195,gmx.net,translated,SUCCESS,12987930716685978204438138512147879490757688938557941795845684456627861312890625,262.80949108989125,41,211902,110592,19236.155000000002
202,immobilienscout24.de,translated,SUCCESS,598351357374183426465820918966277833792831151602221831961903311927039329512387758629575019633200474225590371059986240972155566335759382453956543412850668250328099108658454710205254006188408187890625,657.000827589748,101,7453682,26058752,324372.89
208,entitledto.co.uk,translated,SUCCESS,598351357374183426465820918966277833792831151602221831961903311927039329512387758629575019633200474225590371059986240972155566335759382453956543412850668250328099108658454710205254006258977009390625,657.000827589748,101,7461396,26095616,319903.123
209,lastminute.com,translated,SUCCESS,28034052602738549436590497089977609913841537500000,164.261656964927,26,34407,106496,5192.564
210,wordplays.com,translated,SUCCESS,60510648114517017120,65.71382283996279,11,1485,110592,555.789
212,theguardian.com,translated,SUCCESS,25159113391734056237809610348611528698643665133645092562013237931378359400681721271451494779358246955328824103192266406078991341464055134390625,473.04487055648156,73,2070565,11128832,123006.91699999999
213,hellomagazine.com,translated,SUCCESS,1957722449314639324001767020679119195924659428048007023884390625,210.25064622324365,33,91809,110592,12201.335000000001
216,chaturbate.com,translated,SUCCESS,14230403961260236220506443581651184908680564041500367167417706820898712988823451461562368878931231194600886509223121419278253305282049735850746952255698801345684544325410185351468196806123506094389266334625827336505452737613188432117160565349716025390625,840.9567846230146,129,19636351,58138624,689180.4249999999
221,globo.com,translated,SUCCESS,468219860267835778099350000000,98.56310088161753,16,4346,110592,1345.536
222,mercadolivre.com.br,translated,SUCCESS,3622996024341650240846169344914509390625,131.41237892327226,21,15505,110592,3440.088
224,olx.com.br,translated,SUCCESS,3218480083530512814050256457464586897680,131.24157524185472,284,176908,110592,35004.481
226,reclameaqui.com.br,translated,SUCCESS,3622996024341650240846169344914509390625,131.41237892327226,21,15505,110592,2879.333
230,techtudo.com.br,translated,SUCCESS,468219860267835778099350000000,98.56310088161753,16,4346,110592,1345.8310000000001
235,allmusic.com,translated,SUCCESS,28034052602738549436590497089977609984418096809375,164.261656964927,26,36612,110592,6487.4800000000005
236,sermoncentral.com,translated,SUCCESS,598351357374183426465820918966277833792831151602221831961903311927039329512387758629575019633200474225590371059986240972155566335759382453956543412850668250328099108658454710205254006258977009390625,657.000827589748,101,7461396,26132480,323540.723
237,yourtango.com,translated,SUCCESS,14230403961260236220506443581651184908680564041500367167417706820898712988823451461562368878931231194600886509223121419278253305282049735850746952255698801345684544325410185351468196806123506094389266334625827336505452737613188432117161202303906704517120,840.9567846230146,129,19670007,58286080,688092.7529999999
240,jumia.com.ng,translated,SUCCESS,777635388434868753304038937670673803594895131704996601793597364550835584153940138268343937946890625,328.5080471732007,51,505290,5951488,44799.613000000005
241,eskimi.com,translated,SUCCESS,468219860267835848668171500000,98.56310088161753,16,5175,110592,1529.969
242,jiji.ng,translated,SUCCESS,598351357374183426465820918966277833792831151602221831961903311927039329512387758629575019633200474225590371059986240972155566335759382453956543412850668250328099108658454710205254006258977009390625,657.000827589748,101,7461396,26079232,320144.36000000004
243,remita.net,translated,SUCCESS,216922155048713498504350916418738969077524590365422321890625,197.11093500658174,31,71872,110592,10722.145
246,windowscentral.com,translated,SUCCESS,598351357374183426465820918966277833792831151602221831961903311927039329512387758629575019633200474225590371059986240972155566335759382453956543412850668250328099108658454710205254006258977009390625,657.000827589748,101,7461396,26099712,318192.77499999997
251,namasha.com,translated,SUCCESS,3792333218144715689214286733276153973356796205513695361373369020859784852595066624036316469616424830959697422432772648884390625,420.486025689834,65,1310852,7196672,86895.114
252,tarafdari.com,translated,SUCCESS,14230403961260236220506443581651184908680564041500367167417706820898712988823451461562368878931231194600886509223121419278253305282049735850746952255698801345684544325410185351468196806123506094389266334625827336505452737613188432117161202303898884390625,840.9567846230146,129,19662457,58261504,694994.309
253,mydiba.xyz,translated,SUCCESS,2787713395205989610837629955524823124503453200403888372522242430069624310324844462210691942311163097543360011434046139177727572461392008000,459.90515933981965,71,1859449,10907648,111095.91100000001
254,blogfa.com,translated,SUCCESS,3622996024341650240846169344922328650625,131.41237892327226,21,16244,110592,3615.448
256,emalls.ir,translated,SUCCESS,1957722449314639324001767020679119195924659428047936455062890625,210.25064622324365,33,89603,110592,12371.561
257,moshtix.com.au,translated,SUCCESS,777635388434868753304038937670673803594895131704996601793597364550835584153940138268343937946890625,328.5080471732007,51,505290,110592,41079.558000000005
258,rent.com.au,translated,SUCCESS,3792333218144715689214286733276153973356796205513695361373369020859784852595066624036316469616424830959697422432772656703650625,420.486025689834,65,1313483,6905856,82692.96900000001
259,popsugar.com.au,translated,SUCCESS,216922155048713498504350916418738969077524590365430142017120,197.11093500658174,31,73542,110592,9789.242
263,abc.net.au,translated,SUCCESS,777635388434868753304038937670673803594895131704996601793597364550835584153940138268343937946890625,328.5080471732007,51,505290,110592,41277.587999999996
269,jbhifi.com.au,translated,SUCCESS,14230394612325434394416764217602394628383543532569431812001860381714981771638646225029443899372092605674931368558835483233666247392273772669077062863244328856968006536400961880818520645292571196573883809995720648962899108290270055221405345252149744704080,840.9567836752084,512,77404601,203821056,2752932.982
271,naver.com,translated,SUCCESS,36921706188789058363017091738080,104.86424016440606,108,34144,110592,10367.918
